candidate_id,age,gender,country_of_origin
1,23,Female,Vietnam
2,38,Male,Germany
3,28,Male,Brazil
4,28,Female,Vietnam
5,28,Male,Nigeria
6,36,Female,Pakistan
7,32,Male,Brazil
8,32,Female,Brazil
9,29,Female,Vietnam
10,38,Female,China
11,38,Female,Nigeria
12,35,Female,Nigeria
13,34,Female,Nigeria
14,28,Female,Pakistan
15,39,Female,Germany
16,32,Female,Pakistan
17,34,Male,Pakistan
18,32,Male,Nigeria
19,38,Female,USA
20,34,Male,Brazil
21,29,Male,China
22,38,Female,Pakistan
23,34,Female,USA
24,28,Male,China
25,28,Male,Pakistan
26,38,Female,Germany
27,33,Male,Brazil
28,26,Male,India
29,37,Male,Germany
30,33,Male,China
31,23,Female,USA
32,35,Female,Brazil
33,25,Female,Germany
34,22,Female,India
35,39,Male,Nigeria
36,23,Male,Vietnam
37,31,Female,China
38,31,Male,Pakistan
39,28,Male,Germany
40,34,Female,Germany
41,35,Female,Pakistan
42,33,Male,USA
43,27,Female,USA
44,39,Male,Vietnam
45,30,Male,USA
46,29,Male,Nigeria
47,26,Male,Vietnam
48,30,Male,Pakistan
49,23,Female,India
50,23,Female,Nigeria
51,28,Other,Brazil
52,24,Female,Vietnam
53,36,Male,Brazil
54,28,Male,India
55,36,Male,Vietnam
56,36,Male,China
57,33,Female,Germany
58,30,Female,India
59,32,Male,Germany
60,24,Male,USA
61,32,Other,China
62,30,Female,China
63,37,Female,India
64,39,Male,China
65,28,Female,Brazil
66,26,Male,China
67,24,Other,Germany
68,24,Male,Germany
69,30,Male,Vietnam
70,34,Female,Vietnam
71,22,Male,Pakistan
72,28,Male,Vietnam
73,38,Male,Nigeria
74,32,Male,USA
75,36,Female,China
76,35,Male,Pakistan
77,28,Female,China
78,31,Female,USA
79,26,Female,USA
80,37,Male,USA
81,24,Female,China
82,35,Female,Germany
83,36,Female,USA
84,22,Other,Brazil
85,39,Female,Vietnam
86,34,Female,China
87,33,Female,China
88,34,Other,Germany
89,29,Female,Germany
90,33,Other,USA
91,26,Male,Pakistan
92,29,Female,Pakistan
93,35,Male,India
94,24,Female,USA
95,39,Male,Pakistan
96,37,Male,Brazil
97,36,Male,Pakistan
98,22,Male,Brazil
99,30,Male,China
100,39,Female,Brazil
101,28,Female,India
102,25,Male,Germany
103,27,Male,Germany
104,36,Female,Brazil
105,26,Female,India
106,24,Male,Vietnam
107,27,Female,Pakistan
108,34,Female,India
109,31,Female,Germany
110,31,Female,Pakistan
111,24,Female,Pakistan
112,25,Female,Nigeria
113,37,Male,Nigeria
114,38,Male,India
115,31,Male,Nigeria
116,39,Male,Brazil
117,23,Male,China
118,36,Male,India
119,30,Male,India
120,23,Male,Pakistan
121,35,Male,Germany
122,27,Male,China
123,38,Female,Vietnam
124,39,Male,USA
125,32,Female,Nigeria
126,36,Female,Germany
127,25,Male,Pakistan
128,28,Male,USA
129,36,Male,Nigeria
130,33,Male,Nigeria
131,24,Male,India
132,29,Female,Nigeria
133,33,Male,Vietnam
134,25,Male,USA
135,34,Male,India
136,24,Male,Brazil
137,38,Male,Vietnam
138,28,Female,Nigeria
139,37,Female,Vietnam
140,32,Female,Vietnam
141,25,Female,China
142,37,Female,China
143,31,Female,Brazil
144,26,Male,Nigeria
145,38,Female,India
146,28,Female,Germany
147,39,Female,Pakistan
148,32,Female,Germany
149,27,Male,USA
150,22,Female,Vietnam
151,24,Female,Brazil
152,26,Female,Vietnam
153,26,Male,Germany
154,35,Male,Vietnam
155,27,Male,Nigeria
156,35,Male,USA
157,29,Female,China
158,22,Male,India
159,38,Male,USA
160,36,Male,Germany
161,35,Female,USA
162,28,Female,USA
163,38,Other,Nigeria
164,34,Female,Pakistan
165,35,Female,Vietnam
166,24,Female,Germany
167,27,Male,India
168,24,Female,India
169,22,Female,Nigeria
170,24,Female,Nigeria
171,33,Female,Pakistan
172,24,Male,Nigeria
173,33,Male,Germany
174,37,Male,Pakistan
175,33,Male,India
176,36,Female,India
177,37,Female,Germany
178,29,Male,USA
179,22,Male,China
180,27,Male,Brazil
181,31,Other,India
182,24,Male,China
183,38,Male,China
184,25,Female,USA
185,23,Male,Nigeria
186,25,Other,China
187,37,Male,China
188,27,Male,Pakistan
189,30,Female,Germany
190,25,Female,Vietnam
191,37,Female,Nigeria
192,35,Female,India
193,34,Male,Vietnam
194,26,Female,Germany
195,39,Female,USA
196,37,Female,Pakistan
197,25,Female,India
198,30,Male,Germany
199,27,Female,Nigeria
200,28,Other,USA
201,30,Female,Pakistan
202,30,Male,Brazil
203,35,Other,Germany
204,34,Male,Nigeria
205,22,Female,China
206,26,Female,Nigeria
207,23,Male,Germany
208,31,Male,China
209,24,Other,India
210,39,Male,India
211,26,Female,China
212,31,Male,Vietnam
213,25,Male,China
214,23,Female,Germany
215,37,Female,Brazil
216,26,Other,USA
217,37,Female,USA
218,25,Male,India
219,30,Female,Nigeria
220,39,Female,India
221,26,Female,Brazil
222,29,Male,Brazil
223,37,Male,India
224,33,Female,Nigeria
225,23,Male,India
226,22,Male,Nigeria
227,22,Male,USA
228,22,Female,Brazil
229,32,Female,China
230,27,Female,Brazil
231,36,Female,Vietnam
232,29,Male,India
233,39,Other,Brazil
234,38,Male,Pakistan
235,32,Female,India
236,22,Female,Germany
237,29,Female,USA
238,31,Male,Brazil
239,33,Male,Pakistan
240,29,Female,Brazil
241,27,Female,India
242,33,Female,Brazil
243,27,Male,Vietnam
244,30,Female,Vietnam
245,31,Female,Vietnam
246,22,Other,Pakistan
247,35,Male,China
248,34,Male,USA
249,22,Male,Vietnam
250,23,Female,Brazil
251,39,Female,China
252,28,Other,Nigeria
253,31,Female,India
254,34,Male,Germany
255,22,Male,Germany
256,32,Male,China
257,30,Female,USA
258,32,Other,Nigeria
259,36,Male,USA
260,27,Female,Vietnam
261,28,Other,Pakistan
262,35,Female,China
263,30,Other,China
264,34,Female,Brazil
265,27,Female,Germany
266,35,Male,Brazil
267,31,Male,USA
268,33,Female,Vietnam
269,26,Male,USA
270,38,Other,Germany
271,25,Female,Brazil
272,39,Male,Germany
273,24,Male,Pakistan
274,31,Male,India
275,31,Male,Germany
276,26,Female,Pakistan
277,39,Other,Nigeria
278,29,Male,Germany
279,26,Male,Brazil
280,39,Female,Nigeria
281,33,Female,USA
282,31,Other,China
283,38,Female,Brazil
284,36,Female,Nigeria
285,30,Female,Brazil
286,28,Other,Vietnam
287,24,Other,Nigeria
288,32,Male,Pakistan
289,38,Male,Brazil
290,31,Female,Nigeria
291,37,Male,Vietnam
292,24,Other,China
293,33,Other,China
294,29,Female,India
295,32,Female,USA
296,23,Female,Pakistan
297,29,Other,India
298,25,Other,Vietnam
299,27,Female,China
300,23,Female,China
301,34,Male,China
302,32,Male,Vietnam
303,23,Male,Brazil
304,25,Male,Nigeria
305,30,Other,Nigeria
306,29,Male,Vietnam
307,33,Female,India
308,29,Other,Pakistan
309,30,Male,Nigeria
310,35,Male,Nigeria
311,32,Other,Vietnam
312,32,Male,India
313,26,Other,Vietnam
314,39,Other,USA
315,29,Male,Pakistan
316,27,Other,China
317,35,Other,India
318,26,Other,China
319,25,Female,Pakistan
320,24,Other,Brazil
321,22,Female,Pakistan
322,39,Other,Vietnam
323,39,Other,India
324,26,Other,Pakistan
325,24,Other,Vietnam
326,24,Other,Pakistan
327,29,Other,Germany
328,25,Male,Brazil
329,29,Other,USA
330,22,Other,India
331,34,Other,Brazil
332,30,Other,Vietnam
333,25,Male,Vietnam
334,38,Other,Pakistan
335,23,Male,USA
336,37,Other,China
337,35,Other,China
338,27,Other,Pakistan
339,28,Other,China
340,34,Other,USA
341,28,Other,Germany
342,23,Other,Nigeria
343,31,Other,Germany
344,25,Other,USA
345,27,Other,India
346,36,Other,Nigeria
347,27,Other,Vietnam
348,36,Other,Germany
349,28,Other,India
350,38,Other,Brazil
351,37,Other,India
352,39,Other,Pakistan
353,33,Other,India
354,22,Female,USA
355,30,Other,Brazil
356,27,Other,Germany
357,37,Other,Germany
358,30,Other,Germany
359,39,Other,China
360,35,Other,Pakistan
361,37,Other,USA
362,35,Other,Brazil
363,36,Other,Brazil
364,31,Other,USA
365,31,Other,Vietnam
366,34,Other,China
367,27,Other,Nigeria
368,25,Other,Germany
369,30,Other,India
370,26,Other,India
371,31,Other,Pakistan
372,34,Other,India
373,30,Other,USA
374,37,Other,Vietnam
375,25,Other,Pakistan
376,32,Other,India
377,36,Other,USA
378,37,Other,Nigeria
379,29,Other,Nigeria
380,26,Other,Germany
381,34,Other,Nigeria
382,36,Other,India
383,23,Other,Brazil
384,23,Other,Pakistan
385,36,Other,China
386,35,Other,Nigeria
387,33,Other,Pakistan
388,22,Other,USA
389,38,Other,China
390,26,Other,Nigeria
391,31,Other,Nigeria
392,27,Other,USA
393,32,Other,Pakistan
394,30,Other,Pakistan
395,39,Other,Germany
396,29,Other,Vietnam
397,27,Other,Brazil
398,32,Other,Brazil
399,34,Other,Vietnam
400,33,Other,Nigeria
401,23,Other,Germany
402,33,Other,Germany
403,25,Other,Brazil
404,35,Other,Vietnam
405,33,Other,Brazil
406,24,Other,USA
407,37,Other,Pakistan
408,34,Other,Pakistan
409,22,Other,Vietnam
410,35,Other,USA
411,31,Other,Brazil
412,32,Other,USA
413,32,Other,Germany
414,38,Other,USA
415,25,Other,India
416,25,Other,Nigeria
417,23,Other,India
418,29,Other,China
419,36,Other,Vietnam
420,26,Other,Brazil
421,36,Other,Pakistan
422,29,Other,Brazil
423,23,Other,USA
424,38,Other,Vietnam
425,37,Other,Brazil
426,22,Other,Germany
427,33,Other,Vietnam
428,23,Other,China
429,23,Other,Vietnam
430,22,Other,Nigeria
431,38,Other,India
432,22,Other,China
